<?xml version="1.0" encoding="UTF-8"?>
<project-private xmlns="http://www.netbeans.org/ns/project-private/1">
    <editor-bookmarks xmlns="http://www.netbeans.org/ns/editor-bookmarks/2" lastBookmarkId="0"/>
    <open-files xmlns="http://www.netbeans.org/ns/projectui-open-files/2">
        <group>
            <file>file:/H:/Documents/NetBeansProjects/Big%20Project%20Thingy/src/big/project/thingy/Settings.java</file>
            <file>file:/H:/Documents/NetBeansProjects/Big%20Project%20Thingy/src/big/project/thingy/Menu.java</file>
            <file>file:/H:/Documents/NetBeansProjects/Big%20Project%20Thingy/src/big/project/thingy/HighScoreSelect.java</file>
            <file>file:/H:/Documents/NetBeansProjects/Big%20Project%20Thingy/src/big/project/thingy/Globals.java</file>
            <file>file:/H:/Documents/NetBeansProjects/Big%20Project%20Thingy/src/big/project/thingy/High.java</file>
            <file>file:/H:/Documents/NetBeansProjects/Big%20Project%20Thingy/src/big/project/thingy/BigProjectThingy.java</file>
            <file>file:/H:/Documents/NetBeansProjects/Big%20Project%20Thingy/src/big/project/thingy/sizeselect.java</file>
            <file>file:/H:/Documents/NetBeansProjects/Big%20Project%20Thingy/src/big/project/thingy/high4.java</file>
            <file>file:/H:/Documents/NetBeansProjects/Big%20Project%20Thingy/src/big/project/thingy/three.java</file>
            <file>file:/H:/Documents/NetBeansProjects/Big%20Project%20Thingy/src/big/project/thingy/four.java</file>
        </group>
    </open-files>
</project-private>
